RI	Common Name	Plant source	Reference
797	hexanal	CEGR	Lucero et. al.,  Journal of essential oil research (in press).
798	hexanal	DYAC	Tellez et. al., Journal of Agricultural and Food Chemistry 45, 3276 (1997).
799	hexanal	DAFO	Lucero et. al., Journal of essential oil research 17 (2005) 645.
835	isovaleric acid	CEGR	Lucero et. al.,  Journal of essential oil research (in press).
853	(E)-2-hexenal	ANCA	Medina et. al, Journal of Agricultural and Food Chemistry 53 (2005) 8694.
854	(E)-2-hexenal	DYAC	Tellez et. al., Journal of Agricultural and Food Chemistry 45, 3276 (1997).
855	(E)-2-hexenal	FLCE	Tellez et. al., Journal of essential oil research 9, 619 (Nov/Dec 1997).
857	(Z)-3-hexenol	DYAC	Tellez et. al., Journal of Agricultural and Food Chemistry 45, 3276 (1997).
861	(Z)-3-hexenol	CELAS2	Lucero et. al., in Sosebee, D. et. al. (Editors), 13th Wildland Shrub Symposium:  Shrubland Dynamics: Fire & Water, U.S. Department of Agriculture, Forest Service, Rocky Mountain Research Station., Lubbock, TX, USA, 2004, p. 142.
868	n-hexanol	CEGR	Lucero et. al.,  Journal of essential oil research (in press).
869	n-hexanol	DAFO	Lucero et. al., Journal of essential oil research 17 (2005) 645.
869	n-hexanol	DYAC	Tellez et. al., Journal of Agricultural and Food Chemistry 45, 3276 (1997).
872	n-hexanol	CELAS2	Lucero et. al., in Sosebee, D. et. al. (Editors), 13th Wildland Shrub Symposium:  Shrubland Dynamics: Fire & Water, U.S. Department of Agriculture, Forest Service, Rocky Mountain Research Station., Lubbock, TX, USA, 2004, p. 142.
899	n-heptanal	CEGR	Lucero et. al.,  Journal of essential oil research (in press).
900	nonane	CHPU4	Tellez et. al., Journal of Essential Oils Research 10, 201 (Mar/Apr 1998).
908	santolina triene	FLCE	Tellez et. al., Journal of essential oil research 9, 619 (Nov/Dec 1997).
909	2,4-( E, E)-hexadienal	ANCA	Medina et. al, Journal of Agricultural and Food Chemistry 53 (2005) 8694.
926	tricyclene	DYAC	Tellez et. al., Journal of Agricultural and Food Chemistry 45, 3276 (1997).
926	tricyclene	FLCE	Tellez et. al., Journal of essential oil research 9, 619 (Nov/Dec 1997).
927	tricyclene	CHPU4	Tellez et. al., Journal of Essential Oils Research 10, 201 (Mar/Apr 1998).
927	tricyclene	PSSC6	Lucero et. al., Journal of Essential Oil Research 15 (2003) 108.
928	artemisia triene	FLCE	Tellez et. al., Journal of essential oil research 9, 619 (Nov/Dec 1997).
928	tricyclene	ANCA	Medina et. al, Journal of Agricultural and Food Chemistry 53 (2005) 8694.
928	tricyclene	GUSA	Lucero, et. al, Journal of Essential Oil Research 18 (2006) 121.
930	tricyclene	DAFO	Lucero et. al., Journal of essential oil research 17 (2005) 645.
930	α-thujene	DYAC	Tellez et. al., Journal of Agricultural and Food Chemistry 45, 3276 (1997).
931	a-thujene	FLCE	Tellez et. al., Journal of essential oil research 9, 619 (Nov/Dec 1997).
932	α-thujene	CHPU4	Tellez et. al., Journal of Essential Oils Research 10, 201 (Mar/Apr 1998).
932	α-thujene	DAFO	Lucero et. al., Journal of essential oil research 17 (2005) 645.
932	α-thujene	GUSA	Lucero, et. al, Journal of Essential Oil Research 18 (2006) 121.
938	α-pinene	DYAC	Tellez et. al., Journal of Agricultural and Food Chemistry 45, 3276 (1997).
938	α-pinene	FLCE	Tellez et. al., Journal of essential oil research 9, 619 (Nov/Dec 1997).
939	α-pinene	CEGR	Lucero et. al.,  Journal of essential oil research (in press).
939	α-pinene	CHPU4	Tellez et. al., Journal of Essential Oils Research 10, 201 (Mar/Apr 1998).
940	α-pinene	ANCA	Medina et. al, Journal of Agricultural and Food Chemistry 53 (2005) 8694.
940	α-pinene	GUSA	Lucero, et. al, Journal of Essential Oil Research 18 (2006) 121.
940	α-pinene	PSSC6	Lucero et. al., Journal of Essential Oil Research 15 (2003) 108.
942	α-pinene	DAFO	Lucero et. al., Journal of essential oil research 17 (2005) 645.
953	camphene	DYAC	Tellez et. al., Journal of Agricultural and Food Chemistry 45, 3276 (1997).
954	camphene	FLCE	Tellez et. al., Journal of essential oil research 9, 619 (Nov/Dec 1997).
954	camphene	PSSC6	Lucero et. al., Journal of Essential Oil Research 15 (2003) 108.
954	carnphene	CHPU4	Tellez et. al., Journal of Essential Oils Research 10, 201 (Mar/Apr 1998).
955	camphene	ANCA	Medina et. al, Journal of Agricultural and Food Chemistry 53 (2005) 8694.
955	camphene	GUSA	Lucero, et. al, Journal of Essential Oil Research 18 (2006) 121.
957	camphene	DAFO	Lucero et. al., Journal of essential oil research 17 (2005) 645.
958	thuja-2,4(10)-diene	FLCE	Tellez et. al., Journal of essential oil research 9, 619 (Nov/Dec 1997).
960	thuja-2,4(10)diene	GUSA	Lucero, et. al, Journal of Essential Oil Research 18 (2006) 121.
970	n-heptanol	CEGR	Lucero et. al.,  Journal of essential oil research (in press).
976	sabinene	DYAC	Tellez et. al., Journal of Agricultural and Food Chemistry 45, 3276 (1997).
976	sabinene	FLCE	Tellez et. al., Journal of essential oil research 9, 619 (Nov/Dec 1997).
977	sabinene	ANCA	Medina et. al, Journal of Agricultural and Food Chemistry 53 (2005) 8694.
978	sabinene	GUSA	Lucero, et. al, Journal of Essential Oil Research 18 (2006) 121.
979	β-pinene	DYAC	Tellez et. al., Journal of Agricultural and Food Chemistry 45, 3276 (1997).
980	b-pinene	FLCE	Tellez et. al., Journal of essential oil research 9, 619 (Nov/Dec 1997).
980	β-pinene	CHPU4	Tellez et. al., Journal of Essential Oils Research 10, 201 (Mar/Apr 1998).
981	6-methyl-5-hepten-2-one	CELAS2	Lucero et. al., in Sosebee, D. et. al. (Editors), 13th Wildland Shrub Symposium:  Shrubland Dynamics: Fire & Water, U.S. Department of Agriculture, Forest Service, Rocky Mountain Research Station., Lubbock, TX, USA, 2004, p. 142.
981	β-pinene	ANCA	Medina et. al, Journal of Agricultural and Food Chemistry 53 (2005) 8694.
981	β-pinene	CEGR	Lucero et. al.,  Journal of essential oil research (in press).
981	β-pinene	PSSC6	Lucero et. al., Journal of Essential Oil Research 15 (2003) 108.
981	octen-3-ol	KOSP	current study
982	β-pinene	DAFO	Lucero et. al., Journal of essential oil research 17 (2005) 645.
983	6-methyl-5-hepten-2-one	KOSP	current study
985	6-methyl-5-hepten-2-one	FLCE	Tellez et. al., Journal of essential oil research 9, 619 (Nov/Dec 1997).
986	6-methyl-5-hepten-2-one	CEGR	Lucero et. al.,  Journal of essential oil research (in press).
986	6-methyl-5-heptene-2-one	GUSA	Lucero, et. al, Journal of Essential Oil Research 18 (2006) 121.
987	6-methyl-5-hepten-2-one	DAFO	Lucero et. al., Journal of essential oil research 17 (2005) 645.
987	6-methyl-5-hepten-2-one	PSSC6	Lucero et. al., Journal of Essential Oil Research 15 (2003) 108.
991	dehydro-1,8-cineole	CEGR	Lucero et. al.,  Journal of essential oil research (in press).
991	myrcene	DYAC	Tellez et. al., Journal of Agricultural and Food Chemistry 45, 3276 (1997).
991	myrcene	FLCE	Tellez et. al., Journal of essential oil research 9, 619 (Nov/Dec 1997).
991	rnyrcene	CHPU4	Tellez et. al., Journal of Essential Oils Research 10, 201 (Mar/Apr 1998).
992	myrcene	ANCA	Medina et. al, Journal of Agricultural and Food Chemistry 53 (2005) 8694.
992	myrcene	CELAS2	Lucero et. al., in Sosebee, D. et. al. (Editors), 13th Wildland Shrub Symposium:  Shrubland Dynamics: Fire & Water, U.S. Department of Agriculture, Forest Service, Rocky Mountain Research Station., Lubbock, TX, USA, 2004, p. 142.
992	myrcene 	CEGR	Lucero et. al.,  Journal of essential oil research (in press).
992	myrcene 	PSSC6	Lucero et. al., Journal of Essential Oil Research 15 (2003) 108.
992	myrcrene	GUSA	Lucero, et. al, Journal of Essential Oil Research 18 (2006) 121.
993	myrcene	DAFO	Lucero et. al., Journal of essential oil research 17 (2005) 645.
994	6-methyl-5-hepten-2-ol	KOSP	current study
997	yomogi alcohol	FLCE	Tellez et. al., Journal of essential oil research 9, 619 (Nov/Dec 1997).
1001	n-octanal	CEGR	Lucero et. al.,  Journal of essential oil research (in press).
1004	a-phellandrene	CHPU4	Tellez et. al., Journal of Essential Oils Research 10, 201 (Mar/Apr 1998).
1004	a-phellandrene	DYAC	Tellez et. al., Journal of Agricultural and Food Chemistry 45, 3276 (1997).
1004	a-phellandrene	FLCE	Tellez et. al., Journal of essential oil research 9, 619 (Nov/Dec 1997).
1006	a-phellandrene	ANCA	Medina et. al, Journal of Agricultural and Food Chemistry 53 (2005) 8694.
1006	a-phellandrene	GUSA	Lucero, et. al, Journal of Essential Oil Research 18 (2006) 121.
1006	a-phellandrene	PSSC6	Lucero et. al., Journal of Essential Oil Research 15 (2003) 108.
1007	α-phellandrene	DAFO	Lucero et. al., Journal of essential oil research 17 (2005) 645.
1011	d-3-carene	FLCE	Tellez et. al., Journal of essential oil research 9, 619 (Nov/Dec 1997).
1011	δ-3-carene	CHPU4	Tellez et. al., Journal of Essential Oils Research 10, 201 (Mar/Apr 1998).
1011	δ-3-carene	DYAC	Tellez et. al., Journal of Agricultural and Food Chemistry 45, 3276 (1997).
1012	δ-3-carene	CEGR	Lucero et. al.,  Journal of essential oil research (in press).
1013	δ-3-carene	CELAS2	Lucero et. al., in Sosebee, D. et. al. (Editors), 13th Wildland Shrub Symposium:  Shrubland Dynamics: Fire & Water, U.S. Department of Agriculture, Forest Service, Rocky Mountain Research Station., Lubbock, TX, USA, 2004, p. 142.
1013	δ-3-carene	GUSA	Lucero, et. al, Journal of Essential Oil Research 18 (2006) 121.
1014	δ-3-carene	DAFO	Lucero et. al., Journal of essential oil research 17 (2005) 645.
1017	α-terpinene	CHPU4	Tellez et. al., Journal of Essential Oils Research 10, 201 (Mar/Apr 1998).
1017	α-terpinene	DYAC	Tellez et. al., Journal of Agricultural and Food Chemistry 45, 3276 (1997).
1018	α-terpinene	FLCE	Tellez et. al., Journal of essential oil research 9, 619 (Nov/Dec 1997).
1019	α-terpinene	GUSA	Lucero, et. al, Journal of Essential Oil Research 18 (2006) 121.
1019	α-terpinene	PSSC6	Lucero et. al., Journal of Essential Oil Research 15 (2003) 108.
1020	α-terpinene	DAFO	Lucero et. al., Journal of essential oil research 17 (2005) 645.
1021	p-methylanisole	KOSP	current study
1024	r-cymene	GUSA	Lucero, et. al, Journal of Essential Oil Research 18 (2006) 121.
1025	p-cymene	FLCE	Tellez et. al., Journal of essential oil research 9, 619 (Nov/Dec 1997).
1025	r-cymene	CHPU4	Tellez et. al., Journal of Essential Oils Research 10, 201 (Mar/Apr 1998).
1025	r-cymene	DYAC	Tellez et. al., Journal of Agricultural and Food Chemistry 45, 3276 (1997).
1027	o-cymene	GUSA	Lucero, et. al, Journal of Essential Oil Research 18 (2006) 121.
1027	r-cymene	ANCA	Medina et. al, Journal of Agricultural and Food Chemistry 53 (2005) 8694.
1027	r-cymene	CELAS2	Lucero et. al., in Sosebee, D. et. al. (Editors), 13th Wildland Shrub Symposium:  Shrubland Dynamics: Fire & Water, U.S. Department of Agriculture, Forest Service, Rocky Mountain Research Station., Lubbock, TX, USA, 2004, p. 142.
1027	r-cymene	PSSC6	Lucero et. al., Journal of Essential Oil Research 15 (2003) 108.
1028	r-cymene	DAFO	Lucero et. al., Journal of essential oil research 17 (2005) 645.
1030	limonene	DYAC	Tellez et. al., Journal of Agricultural and Food Chemistry 45, 3276 (1997).
1031	limonene	CEGR	Lucero et. al.,  Journal of essential oil research (in press).
1031	limonene	FLCE	Tellez et. al., Journal of essential oil research 9, 619 (Nov/Dec 1997).
1031	β-phellandrene	CHPU4	Tellez et. al., Journal of Essential Oils Research 10, 201 (Mar/Apr 1998).
1032	limonene	CELAS2	Lucero et. al., in Sosebee, D. et. al. (Editors), 13th Wildland Shrub Symposium:  Shrubland Dynamics: Fire & Water, U.S. Department of Agriculture, Forest Service, Rocky Mountain Research Station., Lubbock, TX, USA, 2004, p. 142.
1032	limonene	PSSC6	Lucero et. al., Journal of Essential Oil Research 15 (2003) 108.
1032	β-phellandrene	ANCA	Medina et. al, Journal of Agricultural and Food Chemistry 53 (2005) 8694.
1033	1,8-cineole	FLCE	Tellez et. al., Journal of essential oil research 9, 619 (Nov/Dec 1997).
1033	1,8-cineole 	DYAC	Tellez et. al., Journal of Agricultural and Food Chemistry 45, 3276 (1997).
1033	limonene	DAFO	Lucero et. al., Journal of essential oil research 17 (2005) 645.
1033	limonene	GUSA	Lucero, et. al, Journal of Essential Oil Research 18 (2006) 121.
1035	1,8-cineole	ANCA	Medina et. al, Journal of Agricultural and Food Chemistry 53 (2005) 8694.
1039	(Z)-b-ocimene	FLCE	Tellez et. al., Journal of essential oil research 9, 619 (Nov/Dec 1997).
1039	(Z)-β-ocirnene	CHPU4	Tellez et. al., Journal of Essential Oils Research 10, 201 (Mar/Apr 1998).
1040	(Z)-β-ocimene	DYAC	Tellez et. al., Journal of Agricultural and Food Chemistry 45, 3276 (1997).
1041	(Z)-β-ocimene	ANCA	Medina et. al, Journal of Agricultural and Food Chemistry 53 (2005) 8694.
1041	(Z)-β-ocimene	DAFO	Lucero et. al., Journal of essential oil research 17 (2005) 645.
1041	(Z)-β-ocimene	GUSA	Lucero, et. al, Journal of Essential Oil Research 18 (2006) 121.
1041	(Z)-β-ocimene	PSSC6	Lucero et. al., Journal of Essential Oil Research 15 (2003) 108.
1043	1,8-cineole	CELAS2	Lucero et. al., in Sosebee, D. et. al. (Editors), 13th Wildland Shrub Symposium:  Shrubland Dynamics: Fire & Water, U.S. Department of Agriculture, Forest Service, Rocky Mountain Research Station., Lubbock, TX, USA, 2004, p. 142.
1043	phenylacetaldehyde	DYAC	Tellez et. al., Journal of Agricultural and Food Chemistry 45, 3276 (1997).
1043	phenylacetaldehyde	FLCE	Tellez et. al., Journal of essential oil research 9, 619 (Nov/Dec 1997).
1044	phenylacetaldehyde	DAFO	Lucero et. al., Journal of essential oil research 17 (2005) 645.
1044	phenylacetaldehyde	GUSA	Lucero, et. al, Journal of Essential Oil Research 18 (2006) 121.
1045	phenylacetaldehyde	PSSC6	Lucero et. al., Journal of Essential Oil Research 15 (2003) 108.
1050	(E)-b-ocimene	FLCE	Tellez et. al., Journal of essential oil research 9, 619 (Nov/Dec 1997).
1050	(E)-β-ocirnene	CHPU4	Tellez et. al., Journal of Essential Oils Research 10, 201 (Mar/Apr 1998).
1051	(E)-β-ocimene	DYAC	Tellez et. al., Journal of Agricultural and Food Chemistry 45, 3276 (1997).
1052	(E)-β-ocimene	ANCA	Medina et. al, Journal of Agricultural and Food Chemistry 53 (2005) 8694.
1052	(E)-β-ocimene	DAFO	Lucero et. al., Journal of essential oil research 17 (2005) 645.
1052	(E)-β-ocimene	GUSA	Lucero, et. al, Journal of Essential Oil Research 18 (2006) 121.
1052	(E)-β-ocimene	PSSC6	Lucero et. al., Journal of Essential Oil Research 15 (2003) 108.
1061	artemisia ketone	FLCE	Tellez et. al., Journal of essential oil research 9, 619 (Nov/Dec 1997).
1061	g-terpinene	FLCE	Tellez et. al., Journal of essential oil research 9, 619 (Nov/Dec 1997).
1061	y-terpinene	CHPU4	Tellez et. al., Journal of Essential Oils Research 10, 201 (Mar/Apr 1998).
1061	y-terpinene	DYAC	Tellez et. al., Journal of Agricultural and Food Chemistry 45, 3276 (1997).
1062	y-terpinene	GUSA	Lucero, et. al, Journal of Essential Oil Research 18 (2006) 121.
1062	y-terpinene	PSSC6	Lucero et. al., Journal of Essential Oil Research 15 (2003) 108.
1062	γ-terpinene	DAFO	Lucero et. al., Journal of essential oil research 17 (2005) 645.
1066	acetophenone	CEGR	Lucero et. al.,  Journal of essential oil research (in press).
1068	cis-sabinene hydrate	FLCE	Tellez et. al., Journal of essential oil research 9, 619 (Nov/Dec 1997).
1069	cis-sabinene hydrate	ANCA	Medina et. al, Journal of Agricultural and Food Chemistry 53 (2005) 8694.
1069	cis-sabinene hydrate	DYAC	Tellez et. al., Journal of Agricultural and Food Chemistry 45, 3276 (1997).
1070	cis-sabinene hydrate	GUSA	Lucero, et. al, Journal of Essential Oil Research 18 (2006) 121.
1072	n-octanol	KOSP	current study
1072	n-octanol	CEGR	Lucero et. al.,  Journal of essential oil research (in press).
1074	cis-linalool oxide (furanoid)	FLCE	Tellez et. al., Journal of essential oil research 9, 619 (Nov/Dec 1997).
1075	m-cresol	CEGR	Lucero et. al.,  Journal of essential oil research (in press).
1083	artemisia alcohol	FLCE	Tellez et. al., Journal of essential oil research 9, 619 (Nov/Dec 1997).
1085	artemisia alcohol	CELAS2	Lucero et. al., in Sosebee, D. et. al. (Editors), 13th Wildland Shrub Symposium:  Shrubland Dynamics: Fire & Water, U.S. Department of Agriculture, Forest Service, Rocky Mountain Research Station., Lubbock, TX, USA, 2004, p. 142.
1087	p-mentha-2,4(8)-diene	FLCE	Tellez et. al., Journal of essential oil research 9, 619 (Nov/Dec 1997).
1088	terpinolene	DYAC	Tellez et. al., Journal of Agricultural and Food Chemistry 45, 3276 (1997).
1089	p-mentha-2,4(8)diene	CEGR	Lucero et. al.,  Journal of essential oil research (in press).
1089	terpinolene	ANCA	Medina et. al, Journal of Agricultural and Food Chemistry 53 (2005) 8694.
1089	terpinolene	CHPU4	Tellez et. al., Journal of Essential Oils Research 10, 201 (Mar/Apr 1998).
1089	terpinolene	FLCE	Tellez et. al., Journal of essential oil research 9, 619 (Nov/Dec 1997).
1089	terpinolene	PSSC6	Lucero et. al., Journal of Essential Oil Research 15 (2003) 108.
1090	p-mentha-2,4(8)-diene	GUSA	Lucero, et. al, Journal of Essential Oil Research 18 (2006) 121.
1090	terpinolene	DAFO	Lucero et. al., Journal of essential oil research 17 (2005) 645.
1091	methybenzoate	KOSP	current study
1096	trans-sabinene hydrate	DYAC	Tellez et. al., Journal of Agricultural and Food Chemistry 45, 3276 (1997).
1096	trans-sabinene hydrate	FLCE	Tellez et. al., Journal of essential oil research 9, 619 (Nov/Dec 1997).
1097	linalool	DYAC	Tellez et. al., Journal of Agricultural and Food Chemistry 45, 3276 (1997).
1099	linalool	ANCA	Medina et. al, Journal of Agricultural and Food Chemistry 53 (2005) 8694.
1099	linalool	CHPU4	Tellez et. al., Journal of Essential Oils Research 10, 201 (Mar/Apr 1998).
1099	linalool	DAFO	Lucero et. al., Journal of essential oil research 17 (2005) 645.
1099	linalool	FLCE	Tellez et. al., Journal of essential oil research 9, 619 (Nov/Dec 1997).
1111	p-mentha-1,3,8-triene	FLCE	Tellez et. al., Journal of essential oil research 9, 619 (Nov/Dec 1997).
1113	1,3,8-p-menthatriene	GUSA	Lucero, et. al, Journal of Essential Oil Research 18 (2006) 121.
1114	endo-fenchol	PSSC6	Lucero et. al., Journal of Essential Oil Research 15 (2003) 108.
1114	trans-thujone	GUSA	Lucero, et. al, Journal of Essential Oil Research 18 (2006) 121.
1118	isophorone	DYAC	Tellez et. al., Journal of Agricultural and Food Chemistry 45, 3276 (1997).
1119	dehydro-sabina ketone	GUSA	Lucero, et. al, Journal of Essential Oil Research 18 (2006) 121.
1121	cis-pinene hydrate	PSSC6	Lucero et. al., Journal of Essential Oil Research 15 (2003) 108.
1123	chrysanthenone	DYAC	Tellez et. al., Journal of Agricultural and Food Chemistry 45, 3276 (1997).
1123	cis-p-menth-2-en-1-ol	DAFO	Lucero et. al., Journal of essential oil research 17 (2005) 645.
1127	α-campholenal	DAFO	Lucero et. al., Journal of essential oil research 17 (2005) 645.
1127	α-campholenal	GUSA	Lucero, et. al, Journal of Essential Oil Research 18 (2006) 121.
1127	α-campholenal	PSSC6	Lucero et. al., Journal of Essential Oil Research 15 (2003) 108.
1137	cis-p-mentha-2,4-dien-1-ol	CEGR	Lucero et. al.,  Journal of essential oil research (in press).
1138	nopinone	GUSA	Lucero, et. al, Journal of Essential Oil Research 18 (2006) 121.
1139	trans-pinocarveol	FLCE	Tellez et. al., Journal of essential oil research 9, 619 (Nov/Dec 1997).
1141	trans-pinocarveol	GUSA	Lucero, et. al, Journal of Essential Oil Research 18 (2006) 121.
1141	trans-pinocarveol	PSSC6	Lucero et. al., Journal of Essential Oil Research 15 (2003) 108.
1141	trans-p-menth-2-en-1-ol	DAFO	Lucero et. al., Journal of essential oil research 17 (2005) 645.
1143	cis-pinene hydrate	ANCA	Medina et. al, Journal of Agricultural and Food Chemistry 53 (2005) 8694.
1143	cis-verbenol	CEGR	Lucero et. al.,  Journal of essential oil research (in press).
1143	cis-verbenol	GUSA	Lucero, et. al, Journal of Essential Oil Research 18 (2006) 121.
1144	camphor	DYAC	Tellez et. al., Journal of Agricultural and Food Chemistry 45, 3276 (1997).
1144	camphor	FLCE	Tellez et. al., Journal of essential oil research 9, 619 (Nov/Dec 1997).
1145	camphor	ANCA	Medina et. al, Journal of Agricultural and Food Chemistry 53 (2005) 8694.
1145	neoallo-ocimene	FLCE	Tellez et. al., Journal of essential oil research 9, 619 (Nov/Dec 1997).
1146	camphor 	DAFO	Lucero et. al., Journal of essential oil research 17 (2005) 645.
1146	trans-verbenol	FLCE	Tellez et. al., Journal of essential oil research 9, 619 (Nov/Dec 1997).
1147	trans-verbenol	CEGR	Lucero et. al.,  Journal of essential oil research (in press).
1147	trans-verbenol	GUSA	Lucero, et. al, Journal of Essential Oil Research 18 (2006) 121.
1150	camphene	DAFO	Lucero et. al., Journal of essential oil research 17 (2005) 645.
1150	camphene hydrate	PSSC6	Lucero et. al., Journal of Essential Oil Research 15 (2003) 108.
1158	isobomeol	FLCE	Tellez et. al., Journal of essential oil research 9, 619 (Nov/Dec 1997).
1158	sabina ketone	GUSA	Lucero, et. al, Journal of Essential Oil Research 18 (2006) 121.
1163	cis-chrysanthemol	DYAC	Tellez et. al., Journal of Agricultural and Food Chemistry 45, 3276 (1997).
1163	cis-chrysanthemol	FLCE	Tellez et. al., Journal of essential oil research 9, 619 (Nov/Dec 1997).
1164	pinocarvone	DAFO	Lucero et. al., Journal of essential oil research 17 (2005) 645.
1164	pinocarvone	GUSA	Lucero, et. al, Journal of Essential Oil Research 18 (2006) 121.
1165	borneol	DYAC	Tellez et. al., Journal of Agricultural and Food Chemistry 45, 3276 (1997).
1166	borneol	FLCE	Tellez et. al., Journal of essential oil research 9, 619 (Nov/Dec 1997).
1167	borneol	PSSC6	Lucero et. al., Journal of Essential Oil Research 15 (2003) 108.
1168	borneol	ANCA	Medina et. al, Journal of Agricultural and Food Chemistry 53 (2005) 8694.
1168	borneol	GUSA	Lucero, et. al, Journal of Essential Oil Research 18 (2006) 121.
1171	ethyl-benzoate	CEGR	Lucero et. al.,  Journal of essential oil research (in press).
1171	ethyl-benzoate	PSSC6	Lucero et. al., Journal of Essential Oil Research 15 (2003) 108.
1174	isopinocamphone	DAFO	Lucero et. al., Journal of essential oil research 17 (2005) 645.
1177	terpinen-4-ol	DYAC	Tellez et. al., Journal of Agricultural and Food Chemistry 45, 3276 (1997).
1177	terpinen-4-ol	FLCE	Tellez et. al., Journal of essential oil research 9, 619 (Nov/Dec 1997).
1178	terpene-4-ol	CEGR	Lucero et. al.,  Journal of essential oil research (in press).
1178	terpene-4-ol	CHPU4	Tellez et. al., Journal of Essential Oils Research 10, 201 (Mar/Apr 1998).
1178	terpene-4-ol	DAFO	Lucero et. al., Journal of essential oil research 17 (2005) 645.
1178	terpene-4-ol	PSSC6	Lucero et. al., Journal of Essential Oil Research 15 (2003) 108.
1179	terpene-4-ol	GUSA	Lucero, et. al, Journal of Essential Oil Research 18 (2006) 121.
1180	m-cymen-8-ol	FLCE	Tellez et. al., Journal of essential oil research 9, 619 (Nov/Dec 1997).
1182	m-cymen-8-ol	GUSA	Lucero, et. al, Journal of Essential Oil Research 18 (2006) 121.
1183	p-cymen-8-ol	FLCE	Tellez et. al., Journal of essential oil research 9, 619 (Nov/Dec 1997).
1183	p-methyl-acetophenone	PSSC6	Lucero et. al., Journal of Essential Oil Research 15 (2003) 108.
1184	p-cymen-8-ol	CEGR	Lucero et. al.,  Journal of essential oil research (in press).
1184	p-cymen-8-ol	DYAC	Tellez et. al., Journal of Agricultural and Food Chemistry 45, 3276 (1997).
1184	p-cymen-8-ol	PSSC6	Lucero et. al., Journal of Essential Oil Research 15 (2003) 108.
1185	cryptone	GUSA	Lucero, et. al, Journal of Essential Oil Research 18 (2006) 121.
1186	(Z)-3-hexenyl butyrate	FLCE	Tellez et. al., Journal of essential oil research 9, 619 (Nov/Dec 1997).
1187	p-cymen-8-ol	DAFO	Lucero et. al., Journal of essential oil research 17 (2005) 645.
1189	a-terpineol	DYAC	Tellez et. al., Journal of Agricultural and Food Chemistry 45, 3276 (1997).
1189	a-terpineol	FLCE	Tellez et. al., Journal of essential oil research 9, 619 (Nov/Dec 1997).
1190	a-terpineol	ANCA	Medina et. al, Journal of Agricultural and Food Chemistry 53 (2005) 8694.
1190	a-terpineol	CEGR	Lucero et. al.,  Journal of essential oil research (in press).
1190	a-terpineol	CHPU4	Tellez et. al., Journal of Essential Oils Research 10, 201 (Mar/Apr 1998).
1190	a-terpineol	PSSC6	Lucero et. al., Journal of Essential Oil Research 15 (2003) 108.
1191	methyl salicylate	KOSP	current study
1192	methyl salicylate	CEGR	Lucero et. al.,  Journal of essential oil research (in press).
1194	cis-piperitol	DYAC	Tellez et. al., Journal of Agricultural and Food Chemistry 45, 3276 (1997).
1194	myrtenol	FLCE	Tellez et. al., Journal of essential oil research 9, 619 (Nov/Dec 1997).
1196	methylchavicol	ANCA	Medina et. al, Journal of Agricultural and Food Chemistry 53 (2005) 8694.
1204	n-decanal 	KOSP	current study
1204	n-decanal 	CEGR	Lucero et. al.,  Journal of essential oil research (in press).
1205	verbenone	DYAC	Tellez et. al., Journal of Agricultural and Food Chemistry 45, 3276 (1997).
1206	verbenone	CEGR	Lucero et. al.,  Journal of essential oil research (in press).
1207	verbenone	GUSA	Lucero, et. al, Journal of Essential Oil Research 18 (2006) 121.
1217	trans-carveol	DYAC	Tellez et. al., Journal of Agricultural and Food Chemistry 45, 3276 (1997).
1217	trans-carveol	FLCE	Tellez et. al., Journal of essential oil research 9, 619 (Nov/Dec 1997).
1219	trans-carveol	GUSA	Lucero, et. al, Journal of Essential Oil Research 18 (2006) 121.
1229	nerol	CEGR	Lucero et. al.,  Journal of essential oil research (in press).
1230	cis-carveol	DYAC	Tellez et. al., Journal of Agricultural and Food Chemistry 45, 3276 (1997).
1231	cis-carveol	GUSA	Lucero, et. al, Journal of Essential Oil Research 18 (2006) 121.
1236	thymol methyl ether	ANCA	Medina et. al, Journal of Agricultural and Food Chemistry 53 (2005) 8694.
1238	cis-ascaridole	PSSC6	Lucero et. al., Journal of Essential Oil Research 15 (2003) 108.
1240	cumin aldehyde	GUSA	Lucero, et. al, Journal of Essential Oil Research 18 (2006) 121.
1240	cuminaldehyde	FLCE	Tellez et. al., Journal of essential oil research 9, 619 (Nov/Dec 1997).
1242	carvone	FLCE	Tellez et. al., Journal of essential oil research 9, 619 (Nov/Dec 1997).
1243	carvone	DYAC	Tellez et. al., Journal of Agricultural and Food Chemistry 45, 3276 (1997).
1244	carvone	GUSA	Lucero, et. al, Journal of Essential Oil Research 18 (2006) 121.
1245	ethyl-ester of benzene acetic acid	CEGR	Lucero et. al.,  Journal of essential oil research (in press).
1253	piperitone	DYAC	Tellez et. al., Journal of Agricultural and Food Chemistry 45, 3276 (1997).
1254	piperitone	ANCA	Medina et. al, Journal of Agricultural and Food Chemistry 53 (2005) 8694.
1256	geraniol	CEGR	Lucero et. al.,  Journal of essential oil research (in press).
1262	(E)-2-decenal 	KOSP	current study
1262	(E)-2-decenal	CEGR	Lucero et. al.,  Journal of essential oil research (in press).
1263	(E)-2-decenal	GUSA	Lucero, et. al, Journal of Essential Oil Research 18 (2006) 121.
1271	geranial	PSSC6	Lucero et. al., Journal of Essential Oil Research 15 (2003) 108.
1274	p-menth-1-en-7-al	GUSA	Lucero, et. al, Journal of Essential Oil Research 18 (2006) 121.
1277	trans-carvone oxide	GUSA	Lucero, et. al, Journal of Essential Oil Research 18 (2006) 121.
1282	a-terpinen-7-al	GUSA	Lucero, et. al, Journal of Essential Oil Research 18 (2006) 121.
1286	borneol acetate	GUSA	Lucero, et. al, Journal of Essential Oil Research 18 (2006) 121.
1287	p-cymen-7-ol	PSSC6	Lucero et. al., Journal of Essential Oil Research 15 (2003) 108.
1289	p-cymen-7-ol	GUSA	Lucero, et. al, Journal of Essential Oil Research 18 (2006) 121.
1292	thymol	ANCA	Medina et. al, Journal of Agricultural and Food Chemistry 53 (2005) 8694.
1297	perilla alcohol	GUSA	Lucero, et. al, Journal of Essential Oil Research 18 (2006) 121.
1298	carvacrol	GUSA	Lucero, et. al, Journal of Essential Oil Research 18 (2006) 121.
1299	carvacrol	DYAC	Tellez et. al., Journal of Agricultural and Food Chemistry 45, 3276 (1997).
1300	carvacrol	PSSC6	Lucero et. al., Journal of Essential Oil Research 15 (2003) 108.
1302	trans-ascaridole	PSSC6	Lucero et. al., Journal of Essential Oil Research 15 (2003) 108.
1306	undecanal	CEGR	Lucero et. al.,  Journal of essential oil research (in press).
1314	2E,4E-decadienal	KOSP	current study
1339	d-elemene	ANCA	Medina et. al, Journal of Agricultural and Food Chemistry 53 (2005) 8694.
1339	d-elemene	FLCE	Tellez et. al., Journal of essential oil research 9, 619 (Nov/Dec 1997).
1345	7-epi-silphiperfol-5-ene	GUSA	Lucero, et. al, Journal of Essential Oil Research 18 (2006) 121.
1352	a-cubebene	FLCE	Tellez et. al., Journal of essential oil research 9, 619 (Nov/Dec 1997).
1352	a-cubebene	GUSA	Lucero, et. al, Journal of Essential Oil Research 18 (2006) 121.
1356	eugenol	DYAC	Tellez et. al., Journal of Agricultural and Food Chemistry 45, 3276 (1997).
1357	eugenol	CEGR	Lucero et. al.,  Journal of essential oil research (in press).
1365	neryl acetate	FLCE	Tellez et. al., Journal of essential oil research 9, 619 (Nov/Dec 1997).
1368	cyclosativene	FLCE	Tellez et. al., Journal of essential oil research 9, 619 (Nov/Dec 1997).
1369	cyclosativene	GUSA	Lucero, et. al, Journal of Essential Oil Research 18 (2006) 121.
1373	a-ylangene	FLCE	Tellez et. al., Journal of essential oil research 9, 619 (Nov/Dec 1997).
1373	a-ylangene	GUSA	Lucero, et. al, Journal of Essential Oil Research 18 (2006) 121.
1373	a-ylangene	PSSC6	Lucero et. al., Journal of Essential Oil Research 15 (2003) 108.
1376	a-copaene	DYAC	Tellez et. al., Journal of Agricultural and Food Chemistry 45, 3276 (1997).
1376	a-copaene	FLCE	Tellez et. al., Journal of essential oil research 9, 619 (Nov/Dec 1997).
1376	silphiperfol-6-ene	GUSA	Lucero, et. al, Journal of Essential Oil Research 18 (2006) 121.
1377	a-copaene	ANCA	Medina et. al, Journal of Agricultural and Food Chemistry 53 (2005) 8694.
1377	a-copaene	GUSA	Lucero, et. al, Journal of Essential Oil Research 18 (2006) 121.
1377	a-copaene	PSSC6	Lucero et. al., Journal of Essential Oil Research 15 (2003) 108.
1381	β-maaliene	GUSA	Lucero, et. al, Journal of Essential Oil Research 18 (2006) 121.
1383	(E)-β-damascenone	CEGR	Lucero et. al.,  Journal of essential oil research (in press).
1384	(E)-β-damascenone	PSSC6	Lucero et. al., Journal of Essential Oil Research 15 (2003) 108.
1384	β-bourbonene	PSSC6	Lucero et. al., Journal of Essential Oil Research 15 (2003) 108.
1385	β-bourbonene	CHPU4	Tellez et. al., Journal of Essential Oils Research 10, 201 (Mar/Apr 1998).
1385	β-bourbonene	FLCE	Tellez et. al., Journal of essential oil research 9, 619 (Nov/Dec 1997).
1385	β-bourbonene	GUSA	Lucero, et. al, Journal of Essential Oil Research 18 (2006) 121.
1386	isocornene	CHPU4	Tellez et. al., Journal of Essential Oils Research 10, 201 (Mar/Apr 1998).
1387	isocomene	GUSA	Lucero, et. al, Journal of Essential Oil Research 18 (2006) 121.
1389	isolongifolene	CHPU4	Tellez et. al., Journal of Essential Oils Research 10, 201 (Mar/Apr 1998).
1389	β-cubebene	DYAC	Tellez et. al., Journal of Agricultural and Food Chemistry 45, 3276 (1997).
1391	β-cubebene	FLCE	Tellez et. al., Journal of essential oil research 9, 619 (Nov/Dec 1997).
1391	β-cubebene	GUSA	Lucero, et. al, Journal of Essential Oil Research 18 (2006) 121.
1392	β-elemene	ANCA	Medina et. al, Journal of Agricultural and Food Chemistry 53 (2005) 8694.
1392	β-elernene	GUSA	Lucero, et. al, Journal of Essential Oil Research 18 (2006) 121.
1394	cis-jasmone	FLCE	Tellez et. al., Journal of essential oil research 9, 619 (Nov/Dec 1997).
1396	Z-jasmone	PSSC6	Lucero et. al., Journal of Essential Oil Research 15 (2003) 108.
1399	1,7-di-epi-a-cedrene	CHPU4	Tellez et. al., Journal of Essential Oils Research 10, 201 (Mar/Apr 1998).
1402	methyleugenol	DYAC	Tellez et. al., Journal of Agricultural and Food Chemistry 45, 3276 (1997).
1403	italicene	PSSC6	Lucero et. al., Journal of Essential Oil Research 15 (2003) 108.
1403	methyleugenol	ANCA	Medina et. al, Journal of Agricultural and Food Chemistry 53 (2005) 8694.
1404	longifolene (or p-isocornene)	CHPU4	Tellez et. al., Journal of Essential Oils Research 10, 201 (Mar/Apr 1998).
1405	β-isocomene	GUSA	Lucero, et. al, Journal of Essential Oil Research 18 (2006) 121.
1408	n-dodecanal	CEGR	Lucero et. al.,  Journal of essential oil research (in press).
1410	a-gurjunene	PSSC6	Lucero et. al., Journal of Essential Oil Research 15 (2003) 108.
1411	a-cedrene	CHPU4	Tellez et. al., Journal of Essential Oils Research 10, 201 (Mar/Apr 1998).
1411	a-cedrene	FLCE	Tellez et. al., Journal of essential oil research 9, 619 (Nov/Dec 1997).
1412	a-cedrene	PSSC6	Lucero et. al., Journal of Essential Oil Research 15 (2003) 108.
1415	cis-a-bergarnotene	CHPU4	Tellez et. al., Journal of Essential Oils Research 10, 201 (Mar/Apr 1998).
1419	β-caryophyllene	CELAS2	Lucero et. al., in Sosebee, D. et. al. (Editors), 13th Wildland Shrub Symposium:  Shrubland Dynamics: Fire & Water, U.S. Department of Agriculture, Forest Service, Rocky Mountain Research Station., Lubbock, TX, USA, 2004, p. 142.
1419	β-caryophyllene	CHPU4	Tellez et. al., Journal of Essential Oils Research 10, 201 (Mar/Apr 1998).
1419	β-caryophyllene	DYAC	Tellez et. al., Journal of Agricultural and Food Chemistry 45, 3276 (1997).
1419	β-caryophyllene	FLCE	Tellez et. al., Journal of essential oil research 9, 619 (Nov/Dec 1997).
1420	β-caroyophyllene	GUSA	Lucero, et. al, Journal of Essential Oil Research 18 (2006) 121.
1420	β-caryophyllene	ANCA	Medina et. al, Journal of Agricultural and Food Chemistry 53 (2005) 8694.
1420	β-caryophyllene	PSSC6	Lucero et. al., Journal of Essential Oil Research 15 (2003) 108.
1430	β-copaene	GUSA	Lucero, et. al, Journal of Essential Oil Research 18 (2006) 121.
1435	trans-a-bergamotene	FLCE	Tellez et. al., Journal of essential oil research 9, 619 (Nov/Dec 1997).
1437	trans-a-bergamotene	ANCA	Medina et. al, Journal of Agricultural and Food Chemistry 53 (2005) 8694.
1437	trans-a-bergamotene	CHPU4	Tellez et. al., Journal of Essential Oils Research 10, 201 (Mar/Apr 1998).
1437	trans-a-bergamotene	PSSC6	Lucero et. al., Journal of Essential Oil Research 15 (2003) 108.
1438	trans-a-bergamotene	GUSA	Lucero, et. al, Journal of Essential Oil Research 18 (2006) 121.
1440	a-guaiene	ANCA	Medina et. al, Journal of Agricultural and Food Chemistry 53 (2005) 8694.
1440	aromadendrene	PSSC6	Lucero et. al., Journal of Essential Oil Research 15 (2003) 108.
1446	Z-β-farnesene	GUSA	Lucero, et. al, Journal of Essential Oil Research 18 (2006) 121.
1453	geranyl acetone	KOSP	current study
1454	a-humulene	ANCA	Medina et. al, Journal of Agricultural and Food Chemistry 53 (2005) 8694.
1454	a-humulene	CHPU4	Tellez et. al., Journal of Essential Oils Research 10, 201 (Mar/Apr 1998).
1454	a-humulene	DYAC	Tellez et. al., Journal of Agricultural and Food Chemistry 45, 3276 (1997).
1454	a-humulene	FLCE	Tellez et. al., Journal of essential oil research 9, 619 (Nov/Dec 1997).
1455	a-humulene	PSSC6	Lucero et. al., Journal of Essential Oil Research 15 (2003) 108.
1458	(E)-β-farnesene	ANCA	Medina et. al, Journal of Agricultural and Food Chemistry 53 (2005) 8694.
1458	a-humulene	CELAS2	Lucero et. al., in Sosebee, D. et. al. (Editors), 13th Wildland Shrub Symposium:  Shrubland Dynamics: Fire & Water, U.S. Department of Agriculture, Forest Service, Rocky Mountain Research Station., Lubbock, TX, USA, 2004, p. 142.
1459	(E)-β-farnesene	CHPU4	Tellez et. al., Journal of Essential Oils Research 10, 201 (Mar/Apr 1998).
1459	sesquisabinene	GUSA	Lucero, et. al, Journal of Essential Oil Research 18 (2006) 121.
1461	seychellene	FLCE	Tellez et. al., Journal of essential oil research 9, 619 (Nov/Dec 1997).
1462	allo-aromadendrene	PSSC6	Lucero et. al., Journal of Essential Oil Research 15 (2003) 108.
1464	a-acoradiene	FLCE	Tellez et. al., Journal of essential oil research 9, 619 (Nov/Dec 1997).
1469	drima-7,9(11)-diene	FLCE	Tellez et. al., Journal of essential oil research 9, 619 (Nov/Dec 1997).
1473	gamma-gurjunene	PSSC6	Lucero et. al., Journal of Essential Oil Research 15 (2003) 108.
1474	b-cadinene	FLCE	Tellez et. al., Journal of essential oil research 9, 619 (Nov/Dec 1997).
1474	gamma-gurgenene	GUSA	Lucero, et. al, Journal of Essential Oil Research 18 (2006) 121.
1474	β-cadinene	CHPU4	Tellez et. al., Journal of Essential Oils Research 10, 201 (Mar/Apr 1998).
1475	trans-cadina-1,(6),4-diene	GUSA	Lucero, et. al, Journal of Essential Oil Research 18 (2006) 121.
1476	g-muurolene	FLCE	Tellez et. al., Journal of essential oil research 9, 619 (Nov/Dec 1997).
1476	g-muurolene	PSSC6	Lucero et. al., Journal of Essential Oil Research 15 (2003) 108.
1477	y-rnuurolene	CHPU4	Tellez et. al., Journal of Essential Oils Research 10, 201 (Mar/Apr 1998).
1479	y-curcurnene	FLCE	Tellez et. al., Journal of essential oil research 9, 619 (Nov/Dec 1997).
1480	germacrene D	FLCE	Tellez et. al., Journal of essential oil research 9, 619 (Nov/Dec 1997).
1481	germacrene D	DYAC	Tellez et. al., Journal of Agricultural and Food Chemistry 45, 3276 (1997).
1481	y-curcurnene	CHPU4	Tellez et. al., Journal of Essential Oils Research 10, 201 (Mar/Apr 1998).
1483	AR-curcumene	CHPU4	Tellez et. al., Journal of Essential Oils Research 10, 201 (Mar/Apr 1998).
1485	(E)-β-ionone	CEGR	Lucero et. al.,  Journal of essential oil research (in press).
1485	germacrene D	ANCA	Medina et. al, Journal of Agricultural and Food Chemistry 53 (2005) 8694.
1485	germacrene D	CELAS2	Lucero et. al., in Sosebee, D. et. al. (Editors), 13th Wildland Shrub Symposium:  Shrubland Dynamics: Fire & Water, U.S. Department of Agriculture, Forest Service, Rocky Mountain Research Station., Lubbock, TX, USA, 2004, p. 142.
1485	selinene	FLCE	Tellez et. al., Journal of essential oil research 9, 619 (Nov/Dec 1997).
1485	β-selinene	CHPU4	Tellez et. al., Journal of Essential Oils Research 10, 201 (Mar/Apr 1998).
1486	AR-curcumene	CELAS2	Lucero et. al., in Sosebee, D. et. al. (Editors), 13th Wildland Shrub Symposium:  Shrubland Dynamics: Fire & Water, U.S. Department of Agriculture, Forest Service, Rocky Mountain Research Station., Lubbock, TX, USA, 2004, p. 142.
1486	β-selinene	PSSC6	Lucero et. al., Journal of Essential Oil Research 15 (2003) 108.
1488	cis-β-guaiene	ANCA	Medina et. al, Journal of Agricultural and Food Chemistry 53 (2005) 8694.
1490	cis-β-guaiene	FLCE	Tellez et. al., Journal of essential oil research 9, 619 (Nov/Dec 1997).
1491	cis-β-guaiene	PSSC6	Lucero et. al., Journal of Essential Oil Research 15 (2003) 108.
1493	viridiflorene	FLCE	Tellez et. al., Journal of essential oil research 9, 619 (Nov/Dec 1997).
1494	epi-cubebol	FLCE	Tellez et. al., Journal of essential oil research 9, 619 (Nov/Dec 1997).
1495	a-zingiberene	CHPU4	Tellez et. al., Journal of Essential Oils Research 10, 201 (Mar/Apr 1998).
1495	bicyclogermacrene	DYAC	Tellez et. al., Journal of Agricultural and Food Chemistry 45, 3276 (1997).
1495	bicyclogermacrene	FLCE	Tellez et. al., Journal of essential oil research 9, 619 (Nov/Dec 1997).
1498	a-muurolene	FLCE	Tellez et. al., Journal of essential oil research 9, 619 (Nov/Dec 1997).
1498	epizonarene	CHPU4	Tellez et. al., Journal of Essential Oils Research 10, 201 (Mar/Apr 1998).
1498	epizonarene	PSSC6	Lucero et. al., Journal of Essential Oil Research 15 (2003) 108.
1499	a-muurolene	CHPU4	Tellez et. al., Journal of Essential Oils Research 10, 201 (Mar/Apr 1998).
1506	d-selinene	FLCE	Tellez et. al., Journal of essential oil research 9, 619 (Nov/Dec 1997).
1509	β-bisabolene	CHPU4	Tellez et. al., Journal of Essential Oils Research 10, 201 (Mar/Apr 1998).
1509	β-bisabolene	GUSA	Lucero, et. al, Journal of Essential Oil Research 18 (2006) 121.
1510	b-curcumene	FLCE	Tellez et. al., Journal of essential oil research 9, 619 (Nov/Dec 1997).
1512	(E)-β-ionone	CELAS2	Lucero et. al., in Sosebee, D. et. al. (Editors), 13th Wildland Shrub Symposium:  Shrubland Dynamics: Fire & Water, U.S. Department of Agriculture, Forest Service, Rocky Mountain Research Station., Lubbock, TX, USA, 2004, p. 142.
1512	β-curcumene	PSSC6	Lucero et. al., Journal of Essential Oil Research 15 (2003) 108.
1513	g-cadinene	DYAC	Tellez et. al., Journal of Agricultural and Food Chemistry 45, 3276 (1997).
1513	g-cadinene	FLCE	Tellez et. al., Journal of essential oil research 9, 619 (Nov/Dec 1997).
1514	sesquicineole	CHPU4	Tellez et. al., Journal of Essential Oils Research 10, 201 (Mar/Apr 1998).
1514	trans-g-cadinene	PSSC6	Lucero et. al., Journal of Essential Oil Research 15 (2003) 108.
1521	cis-calamenene	FLCE	Tellez et. al., Journal of essential oil research 9, 619 (Nov/Dec 1997).
1523	d-cadinene	DYAC	Tellez et. al., Journal of Agricultural and Food Chemistry 45, 3276 (1997).
1523	d-cadinene	FLCE	Tellez et. al., Journal of essential oil research 9, 619 (Nov/Dec 1997).
1524	d-cadinene	CHPU4	Tellez et. al., Journal of Essential Oils Research 10, 201 (Mar/Apr 1998).
1524	d-cadinene	PSSC6	Lucero et. al., Journal of Essential Oil Research 15 (2003) 108.
1525	eugenyl acetate	DYAC	Tellez et. al., Journal of Agricultural and Food Chemistry 45, 3276 (1997).
1532	cadina-1,4-diene	CHPU4	Tellez et. al., Journal of Essential Oils Research 10, 201 (Mar/Apr 1998).
1532	cadina-1,4-diene	FLCE	Tellez et. al., Journal of essential oil research 9, 619 (Nov/Dec 1997).
1533	cadina-1,4-diene1	PSSC6	Lucero et. al., Journal of Essential Oil Research 15 (2003) 108.
1538	a-cadinene	CHPU4	Tellez et. al., Journal of Essential Oils Research 10, 201 (Mar/Apr 1998).
1538	a-cadinene	FLCE	Tellez et. al., Journal of essential oil research 9, 619 (Nov/Dec 1997).
1538	a-cadinene	PSSC6	Lucero et. al., Journal of Essential Oil Research 15 (2003) 108.
1542	a-cadinene	FLCE	Tellez et. al., Journal of essential oil research 9, 619 (Nov/Dec 1997).
1542	selina-3,7(11)-diene	CHPU4	Tellez et. al., Journal of Essential Oils Research 10, 201 (Mar/Apr 1998).
1543	a-calacorene	PSSC6	Lucero et. al., Journal of Essential Oil Research 15 (2003) 108.
1548	elemol	FLCE	Tellez et. al., Journal of essential oil research 9, 619 (Nov/Dec 1997).
1549	elemol	KOSP	current study
1551	elemol	GUSA	Lucero, et. al, Journal of Essential Oil Research 18 (2006) 121.
1552	elemicin	ANCA	Medina et. al, Journal of Agricultural and Food Chemistry 53 (2005) 8694.
1557	germacrene B	FLCE	Tellez et. al., Journal of essential oil research 9, 619 (Nov/Dec 1997).
1557	gerrnacrene B	CHPU4	Tellez et. al., Journal of Essential Oils Research 10, 201 (Mar/Apr 1998).
1562	(E)-nerolidol	FLCE	Tellez et. al., Journal of essential oil research 9, 619 (Nov/Dec 1997).
1564	β-calacorene	PSSC6	Lucero et. al., Journal of Essential Oil Research 15 (2003) 108.
1565	(E)-nerolidol	GUSA	Lucero, et. al, Journal of Essential Oil Research 18 (2006) 121.
1574	prenopsan-8-ol	GUSA	Lucero, et. al, Journal of Essential Oil Research 18 (2006) 121.
1575	germacrene D-4-ol	FLCE	Tellez et. al., Journal of essential oil research 9, 619 (Nov/Dec 1997).
1576	spathulenol	DYAC	Tellez et. al., Journal of Agricultural and Food Chemistry 45, 3276 (1997).
1576	spathulenol	FLCE	Tellez et. al., Journal of essential oil research 9, 619 (Nov/Dec 1997).
1577	himachalene epoxide	GUSA	Lucero, et. al, Journal of Essential Oil Research 18 (2006) 121.
1578	spathulenol	GUSA	Lucero, et. al, Journal of Essential Oil Research 18 (2006) 121.
1578	spathulenol	PSSC6	Lucero et. al., Journal of Essential Oil Research 15 (2003) 108.
1582	caryophyllene oxide	ANCA	Medina et. al, Journal of Agricultural and Food Chemistry 53 (2005) 8694.
1582	caryophyllene oxide	DYAC	Tellez et. al., Journal of Agricultural and Food Chemistry 45, 3276 (1997).
1582	caryophyllene oxide	FLCE	Tellez et. al., Journal of essential oil research 9, 619 (Nov/Dec 1997).
1583	caryophyllene oxide	GUSA	Lucero, et. al, Journal of Essential Oil Research 18 (2006) 121.
1584	globulol	PSSC6	Lucero et. al., Journal of Essential Oil Research 15 (2003) 108.
1585	gleenol	GUSA	Lucero, et. al, Journal of Essential Oil Research 18 (2006) 121.
1590	viridflorol	FLCE	Tellez et. al., Journal of essential oil research 9, 619 (Nov/Dec 1997).
1607	b-oplopenone	FLCE	Tellez et. al., Journal of essential oil research 9, 619 (Nov/Dec 1997).
1608	humulene epoxide II	PSSC6	Lucero et. al., Journal of Essential Oil Research 15 (2003) 108.
1609	humulene epoxide II	GUSA	Lucero, et. al, Journal of Essential Oil Research 18 (2006) 121.
1612	tetradecanal	CEGR	Lucero et. al.,  Journal of essential oil research (in press).
1612	β-himachalene oxide	GUSA	Lucero, et. al, Journal of Essential Oil Research 18 (2006) 121.
1619	10-epi-gamma-eudesmol	FLCE	Tellez et. al., Journal of essential oil research 9, 619 (Nov/Dec 1997).
1623	silphiperfol-6-en-5-one	GUSA	Lucero, et. al, Journal of Essential Oil Research 18 (2006) 121.
1628	1-epi-cubenol	FLCE	Tellez et. al., Journal of essential oil research 9, 619 (Nov/Dec 1997).
1628	1-epi-cubenol	PSSC6	Lucero et. al., Journal of Essential Oil Research 15 (2003) 108.
1629	eremoligensol	KOSP	current study
1629	1-epi-cubenol	GUSA	Lucero, et. al, Journal of Essential Oil Research 18 (2006) 121.
1631	g-eudesmol	FLCE	Tellez et. al., Journal of essential oil research 9, 619 (Nov/Dec 1997).
1632	(Z)-3-hexenyl-phenyl-acetate	CEGR	Lucero et. al.,  Journal of essential oil research (in press).
1633	y-eudesmol	GUSA	Lucero, et. al, Journal of Essential Oil Research 18 (2006) 121.
1639	hinesol	FLCE	Tellez et. al., Journal of essential oil research 9, 619 (Nov/Dec 1997).
1640	epi-a-cadinol	DYAC	Tellez et. al., Journal of Agricultural and Food Chemistry 45, 3276 (1997).
1641	muurolol	KOSP	current study
1642	cubenol	FLCE	Tellez et. al., Journal of essential oil research 9, 619 (Nov/Dec 1997).
1642	epi-a-muurolol	FLCE	Tellez et. al., Journal of essential oil research 9, 619 (Nov/Dec 1997).
1643	cubenol	GUSA	Lucero, et. al, Journal of Essential Oil Research 18 (2006) 121.
1646	a-muurolol	DYAC	Tellez et. al., Journal of Agricultural and Food Chemistry 45, 3276 (1997).
1646	a-muurolol	PSSC6	Lucero et. al., Journal of Essential Oil Research 15 (2003) 108.
1646	himachalol	FLCE	Tellez et. al., Journal of essential oil research 9, 619 (Nov/Dec 1997).
1650	β-eudesmol	CEGR	Lucero et. al.,  Journal of essential oil research (in press).
1650	β-eudesmol	FLCE	Tellez et. al., Journal of essential oil research 9, 619 (Nov/Dec 1997).
1650	β-eudesmol	PSSC6	Lucero et. al., Journal of Essential Oil Research 15 (2003) 108.
1651	β-eudesmol	GUSA	Lucero, et. al, Journal of Essential Oil Research 18 (2006) 121.
1651	β-eudesmol	KOSP	current study
1653	a-cadinol	DYAC	Tellez et. al., Journal of Agricultural and Food Chemistry 45, 3276 (1997).
1653	a-eudesmol	FLCE	Tellez et. al., Journal of essential oil research 9, 619 (Nov/Dec 1997).
1653	selin-11-en-4alpha-ol	FLCE	Tellez et. al., Journal of essential oil research 9, 619 (Nov/Dec 1997).
1656	neo-intermedeol	GUSA	Lucero, et. al, Journal of Essential Oil Research 18 (2006) 121.
1658	1-epi-a-eudesmol	FLCE	Tellez et. al., Journal of essential oil research 9, 619 (Nov/Dec 1997).
1668	bulnesol	FLCE	Tellez et. al., Journal of essential oil research 9, 619 (Nov/Dec 1997).
1668	bulnesol	GUSA	Lucero, et. al, Journal of Essential Oil Research 18 (2006) 121.
1672	β-bisabolol	PSSC6	Lucero et. al., Journal of Essential Oil Research 15 (2003) 108.
1674	cadalene	PSSC6	Lucero et. al., Journal of Essential Oil Research 15 (2003) 108.
1675	methyl-epi-jasmonate	FLCE	Tellez et. al., Journal of essential oil research 9, 619 (Nov/Dec 1997).
1682	a-bisabolol	FLCE	Tellez et. al., Journal of essential oil research 9, 619 (Nov/Dec 1997).
1684	epi-a-bisabolol	GUSA	Lucero, et. al, Journal of Essential Oil Research 18 (2006) 121.
1686	8-cedren-13-ol	FLCE	Tellez et. al., Journal of essential oil research 9, 619 (Nov/Dec 1997).
1735	oplopanone	FLCE	Tellez et. al., Journal of essential oil research 9, 619 (Nov/Dec 1997).
1747	6S-7R-bisabolone	GUSA	Lucero, et. al, Journal of Essential Oil Research 18 (2006) 121.
1749	xanthorrizol	FLCE	Tellez et. al., Journal of essential oil research 9, 619 (Nov/Dec 1997).
1761	benzyl-benzoate	CEGR	Lucero et. al.,  Journal of essential oil research (in press).
1789	8-a-acetoxyelemol	KOSP	current study
1798	nootkatone	FLCE	Tellez et. al., Journal of essential oil research 9, 619 (Nov/Dec 1997).
1827	isopropyl tetradecanoate	CEGR	Lucero et. al.,  Journal of essential oil research (in press).
1867	flourensiadiol	FLCE	Tellez et. al., Journal of essential oil research 9, 619 (Nov/Dec 1997).
1879	hexadecanol	KOSP	current study
1927	methyl hexadecanoate	KOSP	current study
1999	eicosane	DYAC	Tellez et. al., Journal of Agricultural and Food Chemistry 45, 3276 (1997).
2099	heneicosane	DYAC	Tellez et. al., Journal of Agricultural and Food Chemistry 45, 3276 (1997).
2194	1-docosene	DYAC	Tellez et. al., Journal of Agricultural and Food Chemistry 45, 3276 (1997).
2201	n-docosane	DYAC	Tellez et. al., Journal of Agricultural and Food Chemistry 45, 3276 (1997).
2302	tricosane	DYAC	Tellez et. al., Journal of Agricultural and Food Chemistry 45, 3276 (1997).
2403	tetracosane	DYAC	Tellez et. al., Journal of Agricultural and Food Chemistry 45, 3276 (1997).
